energy_source,date,production_mwh
1.1 Hydro power generation,1993M01,11673067
1.4 Thermal power generation,1993M01,45109
1.1 Hydro power generation,1993M02,10636402
1.4 Thermal power generation,1993M02,39467
1.1 Hydro power generation,1993M03,11377918
1.4 Thermal power generation,1993M03,28193
1.1 Hydro power generation,1993M04,9426997
1.4 Thermal power generation,1993M04,37340
1.1 Hydro power generation,1993M05,8292378
1.4 Thermal power generation,1993M05,47301
1.1 Hydro power generation,1993M06,8112115
1.4 Thermal power generation,1993M06,48841
1.1 Hydro power generation,1993M07,7394606
1.4 Thermal power generation,1993M07,23897
1.1 Hydro power generation,1993M08,8067914
1.4 Thermal power generation,1993M08,54316
1.1 Hydro power generation,1993M09,9308581
1.4 Thermal power generation,1993M09,40949
1.1 Hydro power generation,1993M10,10674093
1.4 Thermal power generation,1993M10,44592
1.1 Hydro power generation,1993M11,11913778
1.4 Thermal power generation,1993M11,40516
1.1 Hydro power generation,1993M12,12635875
1.4 Thermal power generation,1993M12,36418
1.1 Hydro power generation,1994M01,12358991
1.4 Thermal power generation,1994M01,42762
1.1 Hydro power generation,1994M02,11369816
1.4 Thermal power generation,1994M02,43829
1.1 Hydro power generation,1994M03,10131814
1.4 Thermal power generation,1994M03,45284
1.1 Hydro power generation,1994M04,8258317
1.4 Thermal power generation,1994M04,46496
1.1 Hydro power generation,1994M05,8145214
1.4 Thermal power generation,1994M05,61606
1.1 Hydro power generation,1994M06,8267441
1.4 Thermal power generation,1994M06,66678
1.1 Hydro power generation,1994M07,7104508
1.4 Thermal power generation,1994M07,58316
1.1 Hydro power generation,1994M08,7743224
1.4 Thermal power generation,1994M08,47341
1.1 Hydro power generation,1994M09,8489197
1.4 Thermal power generation,1994M09,48271
1.1 Hydro power generation,1994M10,9835215
1.4 Thermal power generation,1994M10,69629
1.1 Hydro power generation,1994M11,10145951
1.4 Thermal power generation,1994M11,68937
1.1 Hydro power generation,1994M12,10957075
1.4 Thermal power generation,1994M12,76360
1.1 Hydro power generation,1995M01,12166565
1.4 Thermal power generation,1995M01,67424
1.1 Hydro power generation,1995M02,10824208
1.4 Thermal power generation,1995M02,65175
1.1 Hydro power generation,1995M03,11447300
1.4 Thermal power generation,1995M03,71161
1.1 Hydro power generation,1995M04,9934022
1.4 Thermal power generation,1995M04,64697
1.1 Hydro power generation,1995M05,8799962
1.4 Thermal power generation,1995M05,62957
1.1 Hydro power generation,1995M06,8027187
1.4 Thermal power generation,1995M06,74253
1.1 Hydro power generation,1995M07,7951091
1.4 Thermal power generation,1995M07,58147
1.1 Hydro power generation,1995M08,8460534
1.4 Thermal power generation,1995M08,52851
1.1 Hydro power generation,1995M09,8750360
1.4 Thermal power generation,1995M09,44473
1.1 Hydro power generation,1995M10,10270142
1.4 Thermal power generation,1995M10,43683
1.1 Hydro power generation,1995M11,12325277
1.4 Thermal power generation,1995M11,40819
1.1 Hydro power generation,1995M12,13527284
1.4 Thermal power generation,1995M12,55608
1.1 Hydro power generation,1996M01,13572312
1.4 Thermal power generation,1996M01,74138
1.1 Hydro power generation,1996M02,12402827
1.4 Thermal power generation,1996M02,74183
1.1 Hydro power generation,1996M03,11104426
1.4 Thermal power generation,1996M03,64119
1.1 Hydro power generation,1996M04,8353576
1.4 Thermal power generation,1996M04,76158
1.1 Hydro power generation,1996M05,8370847
1.4 Thermal power generation,1996M05,74559
1.1 Hydro power generation,1996M06,6261011
1.4 Thermal power generation,1996M06,52321
1.1 Hydro power generation,1996M07,5563904
1.4 Thermal power generation,1996M07,69139
1.1 Hydro power generation,1996M08,5926422
1.4 Thermal power generation,1996M08,61615
1.1 Hydro power generation,1996M09,6101372
1.4 Thermal power generation,1996M09,69406
1.1 Hydro power generation,1996M10,7110925
1.4 Thermal power generation,1996M10,73357
1.1 Hydro power generation,1996M11,9062277
1.4 Thermal power generation,1996M11,73488
1.1 Hydro power generation,1996M12,10085537
1.4 Thermal power generation,1996M12,70996
1.1 Hydro power generation,1997M01,9846254
1.4 Thermal power generation,1997M01,69253
1.1 Hydro power generation,1997M02,8460885
1.4 Thermal power generation,1997M02,62687
1.1 Hydro power generation,1997M03,9526318
1.4 Thermal power generation,1997M03,64943
1.1 Hydro power generation,1997M04,9247383
1.4 Thermal power generation,1997M04,67933
1.1 Hydro power generation,1997M05,8267072
1.4 Thermal power generation,1997M05,67986
1.1 Hydro power generation,1997M06,7628962
1.4 Thermal power generation,1997M06,43371
1.1 Hydro power generation,1997M07,7356612
1.4 Thermal power generation,1997M07,47234
1.1 Hydro power generation,1997M08,7786485
1.4 Thermal power generation,1997M08,50664
1.1 Hydro power generation,1997M09,9275641
1.4 Thermal power generation,1997M09,45561
1.1 Hydro power generation,1997M10,10809934
1.4 Thermal power generation,1997M10,53082
1.1 Hydro power generation,1997M11,10988098
1.4 Thermal power generation,1997M11,58640
1.1 Hydro power generation,1997M12,11727982
1.4 Thermal power generation,1997M12,75965
1.1 Hydro power generation,1998M01,11578402
1.4 Thermal power generation,1998M01,76532
1.1 Hydro power generation,1998M02,10033614
1.4 Thermal power generation,1998M02,64520
1.1 Hydro power generation,1998M03,11197273
1.4 Thermal power generation,1998M03,70396
1.1 Hydro power generation,1998M04,9446834
1.4 Thermal power generation,1998M04,64279
1.1 Hydro power generation,1998M05,7850461
1.4 Thermal power generation,1998M05,62305
1.1 Hydro power generation,1998M06,7674283
1.4 Thermal power generation,1998M06,68502
1.1 Hydro power generation,1998M07,7301425
1.4 Thermal power generation,1998M07,44746
1.1 Hydro power generation,1998M08,9004306
1.4 Thermal power generation,1998M08,37422
1.1 Hydro power generation,1998M09,9055841
1.4 Thermal power generation,1998M09,28943
1.1 Hydro power generation,1998M10,10561529
1.4 Thermal power generation,1998M10,54094
1.1 Hydro power generation,1998M11,11174763
1.4 Thermal power generation,1998M11,68861
1.1 Hydro power generation,1998M12,11380161
1.4 Thermal power generation,1998M12,76833
1.1 Hydro power generation,1999M01,11808954
1.2 Wind power generation,1999M01,1157
1.4 Thermal power generation,1999M01,71651
1.1 Hydro power generation,1999M02,10852908
1.2 Wind power generation,1999M02,924
1.4 Thermal power generation,1999M02,55073
1.1 Hydro power generation,1999M03,10894268
1.2 Wind power generation,1999M03,1398
1.4 Thermal power generation,1999M03,78142
1.1 Hydro power generation,1999M04,9216899
1.2 Wind power generation,1999M04,1820
1.4 Thermal power generation,1999M04,67236
1.1 Hydro power generation,1999M05,8747880
1.2 Wind power generation,1999M05,1140
1.4 Thermal power generation,1999M05,73509
1.1 Hydro power generation,1999M06,8624444
1.2 Wind power generation,1999M06,956
1.4 Thermal power generation,1999M06,53196
1.1 Hydro power generation,1999M07,9225922
1.2 Wind power generation,1999M07,988
1.4 Thermal power generation,1999M07,66574
1.1 Hydro power generation,1999M08,9642892
1.2 Wind power generation,1999M08,852
1.4 Thermal power generation,1999M08,67165
1.1 Hydro power generation,1999M09,8819318
1.2 Wind power generation,1999M09,1224
1.4 Thermal power generation,1999M09,68082
1.1 Hydro power generation,1999M10,9671022
1.2 Wind power generation,1999M10,1034
1.4 Thermal power generation,1999M10,64771
1.1 Hydro power generation,1999M11,11243421
1.2 Wind power generation,1999M11,1618
1.4 Thermal power generation,1999M11,73808
1.1 Hydro power generation,1999M12,13084195
1.2 Wind power generation,1999M12,1165
1.4 Thermal power generation,1999M12,74803
1.1 Hydro power generation,2000M01,13231494
1.2 Wind power generation,2000M01,4044
1.4 Thermal power generation,2000M01,75629
1.1 Hydro power generation,2000M02,12464006
1.2 Wind power generation,2000M02,3113
1.4 Thermal power generation,2000M02,68706
1.1 Hydro power generation,2000M03,13868963
1.2 Wind power generation,2000M03,3079
1.4 Thermal power generation,2000M03,69327
1.1 Hydro power generation,2000M04,11544663
1.2 Wind power generation,2000M04,2031
1.4 Thermal power generation,2000M04,78853
1.1 Hydro power generation,2000M05,11249789
1.2 Wind power generation,2000M05,1914
1.4 Thermal power generation,2000M05,59090
1.1 Hydro power generation,2000M06,10746111
1.2 Wind power generation,2000M06,2358
1.4 Thermal power generation,2000M06,45478
1.1 Hydro power generation,2000M07,10050387
1.2 Wind power generation,2000M07,1824
1.4 Thermal power generation,2000M07,46973
1.1 Hydro power generation,2000M08,10723543
1.2 Wind power generation,2000M08,1696
1.4 Thermal power generation,2000M08,60001
1.1 Hydro power generation,2000M09,11108317
1.2 Wind power generation,2000M09,2416
1.4 Thermal power generation,2000M09,58231
1.1 Hydro power generation,2000M10,11799317
1.2 Wind power generation,2000M10,2753
1.4 Thermal power generation,2000M10,46846
1.1 Hydro power generation,2000M11,12055970
1.2 Wind power generation,2000M11,2981
1.4 Thermal power generation,2000M11,47963
1.1 Hydro power generation,2000M12,13379999
1.2 Wind power generation,2000M12,1990
1.4 Thermal power generation,2000M12,74037
1.1 Hydro power generation,2001M01,13953339
1.2 Wind power generation,2001M01,2751
1.4 Thermal power generation,2001M01,74080
1.1 Hydro power generation,2001M02,12438032
1.2 Wind power generation,2001M02,2560
1.4 Thermal power generation,2001M02,75210
1.1 Hydro power generation,2001M03,11862929
1.2 Wind power generation,2001M03,1518
1.4 Thermal power generation,2001M03,77043
1.1 Hydro power generation,2001M04,9225859
1.2 Wind power generation,2001M04,1807
1.4 Thermal power generation,2001M04,76778
1.1 Hydro power generation,2001M05,7855812
1.2 Wind power generation,2001M05,1858
1.4 Thermal power generation,2001M05,76178
1.1 Hydro power generation,2001M06,7550779
1.2 Wind power generation,2001M06,2058
1.4 Thermal power generation,2001M06,68338
1.1 Hydro power generation,2001M07,6824626
1.2 Wind power generation,2001M07,2141
1.4 Thermal power generation,2001M07,84957
1.1 Hydro power generation,2001M08,7814380
1.2 Wind power generation,2001M08,1730
1.4 Thermal power generation,2001M08,73714
1.1 Hydro power generation,2001M09,7634781
1.2 Wind power generation,2001M09,1457
1.4 Thermal power generation,2001M09,65780
1.1 Hydro power generation,2001M10,9870696
1.2 Wind power generation,2001M10,2600
1.4 Thermal power generation,2001M10,77682
1.1 Hydro power generation,2001M11,12357322
1.2 Wind power generation,2001M11,5217
1.4 Thermal power generation,2001M11,83102
1.1 Hydro power generation,2001M12,13592813
1.2 Wind power generation,2001M12,3061
1.4 Thermal power generation,2001M12,77237
1.1 Hydro power generation,2002M01,13429626
1.2 Wind power generation,2002M01,4420
1.4 Thermal power generation,2002M01,81386
1.1 Hydro power generation,2002M02,11417989
1.2 Wind power generation,2002M02,3936
1.4 Thermal power generation,2002M02,72963
1.1 Hydro power generation,2002M03,11743476
1.2 Wind power generation,2002M03,4137
1.4 Thermal power generation,2002M03,77740
1.1 Hydro power generation,2002M04,9653841
1.2 Wind power generation,2002M04,3146
1.4 Thermal power generation,2002M04,78006
1.1 Hydro power generation,2002M05,9520386
1.2 Wind power generation,2002M05,2864
1.4 Thermal power generation,2002M05,64535
1.1 Hydro power generation,2002M06,9787842
1.2 Wind power generation,2002M06,2678
1.4 Thermal power generation,2002M06,68211
1.1 Hydro power generation,2002M07,9513106
1.2 Wind power generation,2002M07,2561
1.4 Thermal power generation,2002M07,55660
1.1 Hydro power generation,2002M08,9708274
1.2 Wind power generation,2002M08,2306
1.4 Thermal power generation,2002M08,54315
1.1 Hydro power generation,2002M09,9444404
1.2 Wind power generation,2002M09,2955
1.4 Thermal power generation,2002M09,57848
1.1 Hydro power generation,2002M10,11743738
1.2 Wind power generation,2002M10,3270
1.4 Thermal power generation,2002M10,61271
1.1 Hydro power generation,2002M11,11904197
1.2 Wind power generation,2002M11,2591
1.4 Thermal power generation,2002M11,81186
1.1 Hydro power generation,2002M12,11861532
1.2 Wind power generation,2002M12,4039
1.4 Thermal power generation,2002M12,80372
1.1 Hydro power generation,2003M01,10913220
1.2 Wind power generation,2003M01,21089
1.4 Thermal power generation,2003M01,69990
1.1 Hydro power generation,2003M02,9724705
1.2 Wind power generation,2003M02,17802
1.4 Thermal power generation,2003M02,78206
1.1 Hydro power generation,2003M03,8831255
1.2 Wind power generation,2003M03,26389
1.4 Thermal power generation,2003M03,83310
1.1 Hydro power generation,2003M04,7349242
1.2 Wind power generation,2003M04,20808
1.4 Thermal power generation,2003M04,81133
1.1 Hydro power generation,2003M05,7207886
1.2 Wind power generation,2003M05,13423
1.4 Thermal power generation,2003M05,68814
1.1 Hydro power generation,2003M06,7860257
1.2 Wind power generation,2003M06,10527
1.4 Thermal power generation,2003M06,81737
1.1 Hydro power generation,2003M07,7016462
1.2 Wind power generation,2003M07,10067
1.4 Thermal power generation,2003M07,87527
1.1 Hydro power generation,2003M08,7717030
1.2 Wind power generation,2003M08,11697
1.4 Thermal power generation,2003M08,63565
1.1 Hydro power generation,2003M09,8443872
1.2 Wind power generation,2003M09,19681
1.4 Thermal power generation,2003M09,80724
1.1 Hydro power generation,2003M10,10738995
1.2 Wind power generation,2003M10,21821
1.4 Thermal power generation,2003M10,91061
1.1 Hydro power generation,2003M11,9871065
1.2 Wind power generation,2003M11,17420
1.4 Thermal power generation,2003M11,83338
1.1 Hydro power generation,2003M12,10426777
1.2 Wind power generation,2003M12,29072
1.4 Thermal power generation,2003M12,83476
1.1 Hydro power generation,2004M01,12237794
1.2 Wind power generation,2004M01,18298
1.4 Thermal power generation,2004M01,97878
1.1 Hydro power generation,2004M02,10629659
1.2 Wind power generation,2004M02,22566
1.4 Thermal power generation,2004M02,92838
1.1 Hydro power generation,2004M03,10467571
1.2 Wind power generation,2004M03,20974
1.4 Thermal power generation,2004M03,99656
1.1 Hydro power generation,2004M04,7798307
1.2 Wind power generation,2004M04,14090
1.4 Thermal power generation,2004M04,101725
1.1 Hydro power generation,2004M05,7589671
1.2 Wind power generation,2004M05,14782
1.4 Thermal power generation,2004M05,101754
1.1 Hydro power generation,2004M06,7669888
1.2 Wind power generation,2004M06,14885
1.4 Thermal power generation,2004M06,82768
1.1 Hydro power generation,2004M07,6192211
1.2 Wind power generation,2004M07,10899
1.4 Thermal power generation,2004M07,100302
1.1 Hydro power generation,2004M08,7535347
1.2 Wind power generation,2004M08,11073
1.4 Thermal power generation,2004M08,83866
1.1 Hydro power generation,2004M09,7948741
1.2 Wind power generation,2004M09,23315
1.4 Thermal power generation,2004M09,57100
1.1 Hydro power generation,2004M10,9162655
1.2 Wind power generation,2004M10,18079
1.4 Thermal power generation,2004M10,74204
1.1 Hydro power generation,2004M11,10613484
1.2 Wind power generation,2004M11,37482
1.4 Thermal power generation,2004M11,74747
1.1 Hydro power generation,2004M12,11434374
1.2 Wind power generation,2004M12,53076
1.4 Thermal power generation,2004M12,96112
1.1 Hydro power generation,2005M01,13256254
1.2 Wind power generation,2005M01,45528
1.4 Thermal power generation,2005M01,104112
1.1 Hydro power generation,2005M02,13277845
1.2 Wind power generation,2005M02,35290
1.4 Thermal power generation,2005M02,73969
1.1 Hydro power generation,2005M03,13539812
1.2 Wind power generation,2005M03,24383
1.4 Thermal power generation,2005M03,85455
1.1 Hydro power generation,2005M04,10786894
1.2 Wind power generation,2005M04,29377
1.4 Thermal power generation,2005M04,65859
1.1 Hydro power generation,2005M05,9827689
1.2 Wind power generation,2005M05,30668
1.4 Thermal power generation,2005M05,86303
1.1 Hydro power generation,2005M06,9492169
1.2 Wind power generation,2005M06,39280
1.4 Thermal power generation,2005M06,82495
1.1 Hydro power generation,2005M07,9090615
1.2 Wind power generation,2005M07,22452
1.4 Thermal power generation,2005M07,78592
1.1 Hydro power generation,2005M08,9301139
1.2 Wind power generation,2005M08,42121
1.4 Thermal power generation,2005M08,74167
1.1 Hydro power generation,2005M09,9462646
1.2 Wind power generation,2005M09,65407
1.4 Thermal power generation,2005M09,78935
1.1 Hydro power generation,2005M10,11152823
1.2 Wind power generation,2005M10,50226
1.4 Thermal power generation,2005M10,97214
1.1 Hydro power generation,2005M11,12942343
1.2 Wind power generation,2005M11,59436
1.4 Thermal power generation,2005M11,100686
1.1 Hydro power generation,2005M12,14440518
1.2 Wind power generation,2005M12,62862
1.4 Thermal power generation,2005M12,102346
1.1 Hydro power generation,2006M01,14638255
1.2 Wind power generation,2006M01,76535
1.4 Thermal power generation,2006M01,103420
1.1 Hydro power generation,2006M02,13063644
1.2 Wind power generation,2006M02,47542
1.4 Thermal power generation,2006M02,98588
1.1 Hydro power generation,2006M03,13495826
1.2 Wind power generation,2006M03,40107
1.4 Thermal power generation,2006M03,91985
1.1 Hydro power generation,2006M04,9446228
1.2 Wind power generation,2006M04,42673
1.4 Thermal power generation,2006M04,95918
1.1 Hydro power generation,2006M05,7821440
1.2 Wind power generation,2006M05,40790
1.4 Thermal power generation,2006M05,80084
1.1 Hydro power generation,2006M06,8388455
1.2 Wind power generation,2006M06,44065
1.4 Thermal power generation,2006M06,98885
1.1 Hydro power generation,2006M07,7856659
1.2 Wind power generation,2006M07,38251
1.4 Thermal power generation,2006M07,105123
1.1 Hydro power generation,2006M08,8268969
1.2 Wind power generation,2006M08,24406
1.4 Thermal power generation,2006M08,103037
1.1 Hydro power generation,2006M09,7784117
1.2 Wind power generation,2006M09,47490
1.4 Thermal power generation,2006M09,89301
1.1 Hydro power generation,2006M10,8434123
1.2 Wind power generation,2006M10,63933
1.4 Thermal power generation,2006M10,85772
1.1 Hydro power generation,2006M11,10005439
1.2 Wind power generation,2006M11,89163
1.4 Thermal power generation,2006M11,115923
1.1 Hydro power generation,2006M12,10601465
1.2 Wind power generation,2006M12,118189
1.4 Thermal power generation,2006M12,117507
1.1 Hydro power generation,2007M01,12381771
1.2 Wind power generation,2007M01,86503
1.4 Thermal power generation,2007M01,107371
1.1 Hydro power generation,2007M02,12782437
1.2 Wind power generation,2007M02,61400
1.4 Thermal power generation,2007M02,103078
1.1 Hydro power generation,2007M03,11289100
1.2 Wind power generation,2007M03,87450
1.4 Thermal power generation,2007M03,109212
1.1 Hydro power generation,2007M04,10008806
1.2 Wind power generation,2007M04,95812
1.4 Thermal power generation,2007M04,102362
1.1 Hydro power generation,2007M05,10322725
1.2 Wind power generation,2007M05,59686
1.4 Thermal power generation,2007M05,73874
1.1 Hydro power generation,2007M06,9777408
1.2 Wind power generation,2007M06,45151
1.4 Thermal power generation,2007M06,85782
1.1 Hydro power generation,2007M07,10223632
1.2 Wind power generation,2007M07,45112
1.4 Thermal power generation,2007M07,109371
1.1 Hydro power generation,2007M08,11093546
1.2 Wind power generation,2007M08,47207
1.4 Thermal power generation,2007M08,97998
1.1 Hydro power generation,2007M09,11346769
1.2 Wind power generation,2007M09,90259
1.4 Thermal power generation,2007M09,172106
1.1 Hydro power generation,2007M10,11415115
1.2 Wind power generation,2007M10,91255
1.4 Thermal power generation,2007M10,151437
1.1 Hydro power generation,2007M11,12056842
1.2 Wind power generation,2007M11,96102
1.4 Thermal power generation,2007M11,178309
1.1 Hydro power generation,2007M12,12590469
1.2 Wind power generation,2007M12,94904
1.4 Thermal power generation,2007M12,228202
1.1 Hydro power generation,2008M01,13417638
1.2 Wind power generation,2008M01,93947
1.4 Thermal power generation,2008M01,133709
1.1 Hydro power generation,2008M02,12745900
1.2 Wind power generation,2008M02,105761
1.4 Thermal power generation,2008M02,98687
1.1 Hydro power generation,2008M03,13445436
1.2 Wind power generation,2008M03,76124
1.4 Thermal power generation,2008M03,110373
1.1 Hydro power generation,2008M04,11137187
1.2 Wind power generation,2008M04,53297
1.4 Thermal power generation,2008M04,109565
1.1 Hydro power generation,2008M05,10437667
1.2 Wind power generation,2008M05,44583
1.4 Thermal power generation,2008M05,99105
1.1 Hydro power generation,2008M06,10581569
1.2 Wind power generation,2008M06,47800
1.4 Thermal power generation,2008M06,107567
1.1 Hydro power generation,2008M07,10255988
1.2 Wind power generation,2008M07,49670
1.4 Thermal power generation,2008M07,103990
1.1 Hydro power generation,2008M08,10004402
1.2 Wind power generation,2008M08,39894
1.4 Thermal power generation,2008M08,100701
1.1 Hydro power generation,2008M09,10132009
1.2 Wind power generation,2008M09,60643
1.4 Thermal power generation,2008M09,100874
1.1 Hydro power generation,2008M10,11641715
1.2 Wind power generation,2008M10,122320
1.4 Thermal power generation,2008M10,95517
1.1 Hydro power generation,2008M11,12647546
1.2 Wind power generation,2008M11,115628
1.4 Thermal power generation,2008M11,90333
1.1 Hydro power generation,2008M12,14074843
1.2 Wind power generation,2008M12,107277
1.4 Thermal power generation,2008M12,77753
1.1 Hydro power generation,2009M01,13796276
1.2 Wind power generation,2009M01,128255
1.4 Thermal power generation,2009M01,225884
1.1 Hydro power generation,2009M02,12015959
1.2 Wind power generation,2009M02,71103
1.4 Thermal power generation,2009M02,202401
1.1 Hydro power generation,2009M03,11653000
1.2 Wind power generation,2009M03,115417
1.4 Thermal power generation,2009M03,501480
1.1 Hydro power generation,2009M04,9052480
1.2 Wind power generation,2009M04,71335
1.4 Thermal power generation,2009M04,449110
1.1 Hydro power generation,2009M05,8471635
1.2 Wind power generation,2009M05,70728
1.4 Thermal power generation,2009M05,496281
1.1 Hydro power generation,2009M06,7641988
1.2 Wind power generation,2009M06,43864
1.4 Thermal power generation,2009M06,414574
1.1 Hydro power generation,2009M07,7599770
1.2 Wind power generation,2009M07,54492
1.4 Thermal power generation,2009M07,521667
1.1 Hydro power generation,2009M08,9151292
1.2 Wind power generation,2009M08,53750
1.4 Thermal power generation,2009M08,332545
1.1 Hydro power generation,2009M09,10099918
1.2 Wind power generation,2009M09,133706
1.4 Thermal power generation,2009M09,331421
1.1 Hydro power generation,2009M10,12073913
1.2 Wind power generation,2009M10,63869
1.4 Thermal power generation,2009M10,394382
1.1 Hydro power generation,2009M11,11921648
1.2 Wind power generation,2009M11,89633
1.4 Thermal power generation,2009M11,409646
1.1 Hydro power generation,2009M12,13591998
1.2 Wind power generation,2009M12,84349
1.4 Thermal power generation,2009M12,461965
1.1 Hydro power generation,2010M01,14249365
1.2 Wind power generation,2010M01,93912
1.4 Thermal power generation,2010M01,481972
1.1 Hydro power generation,2010M02,12082668
1.2 Wind power generation,2010M02,65577
1.4 Thermal power generation,2010M02,476668
1.1 Hydro power generation,2010M03,10569953
1.2 Wind power generation,2010M03,83507
1.4 Thermal power generation,2010M03,575556
1.1 Hydro power generation,2010M04,8107465
1.2 Wind power generation,2010M04,65841
1.4 Thermal power generation,2010M04,534889
1.1 Hydro power generation,2010M05,7055820
1.2 Wind power generation,2010M05,43356
1.4 Thermal power generation,2010M05,500595
1.1 Hydro power generation,2010M06,6427624
1.2 Wind power generation,2010M06,58921
1.4 Thermal power generation,2010M06,530345
1.1 Hydro power generation,2010M07,7441873
1.2 Wind power generation,2010M07,63945
1.4 Thermal power generation,2010M07,566745
1.1 Hydro power generation,2010M08,7425687
1.2 Wind power generation,2010M08,55806
1.4 Thermal power generation,2010M08,402860
1.1 Hydro power generation,2010M09,8609302
1.2 Wind power generation,2010M09,51135
1.4 Thermal power generation,2010M09,228406
1.1 Hydro power generation,2010M10,10963316
1.2 Wind power generation,2010M10,119217
1.4 Thermal power generation,2010M10,266772
1.1 Hydro power generation,2010M11,11643542
1.2 Wind power generation,2010M11,91080
1.4 Thermal power generation,2010M11,446187
1.1 Hydro power generation,2010M12,13365401
1.2 Wind power generation,2010M12,102612
1.4 Thermal power generation,2010M12,599478
1.1 Hydro power generation,2011M01,10524386
1.2 Wind power generation,2011M01,139125
1.4 Thermal power generation,2011M01,607536
1.1 Hydro power generation,2011M02,9865867
1.2 Wind power generation,2011M02,105934
1.4 Thermal power generation,2011M02,579136
1.1 Hydro power generation,2011M03,9369715
1.2 Wind power generation,2011M03,151236
1.4 Thermal power generation,2011M03,630068
1.1 Hydro power generation,2011M04,7793373
1.2 Wind power generation,2011M04,109454
1.4 Thermal power generation,2011M04,530924
1.1 Hydro power generation,2011M05,8141646
1.2 Wind power generation,2011M05,71401
1.4 Thermal power generation,2011M05,429838
1.1 Hydro power generation,2011M06,9015881
1.2 Wind power generation,2011M06,62514
1.4 Thermal power generation,2011M06,278564
1.1 Hydro power generation,2011M07,10228637
1.2 Wind power generation,2011M07,61537
1.4 Thermal power generation,2011M07,251926
1.1 Hydro power generation,2011M08,10125321
1.2 Wind power generation,2011M08,57454
1.4 Thermal power generation,2011M08,312147
1.1 Hydro power generation,2011M09,10059072
1.2 Wind power generation,2011M09,109345
1.4 Thermal power generation,2011M09,260824
1.1 Hydro power generation,2011M10,11748703
1.2 Wind power generation,2011M10,153775
1.4 Thermal power generation,2011M10,274730
1.1 Hydro power generation,2011M11,12651390
1.2 Wind power generation,2011M11,127852
1.4 Thermal power generation,2011M11,310414
1.1 Hydro power generation,2011M12,12555351
1.2 Wind power generation,2011M12,143664
1.4 Thermal power generation,2011M12,305691
1.1 Hydro power generation,2012M01,15006054
1.2 Wind power generation,2012M01,140166
1.4 Thermal power generation,2012M01,281906
1.1 Hydro power generation,2012M02,13937887
1.2 Wind power generation,2012M02,171252
1.4 Thermal power generation,2012M02,321903
1.1 Hydro power generation,2012M03,12413809
1.2 Wind power generation,2012M03,182947
1.4 Thermal power generation,2012M03,283728
1.1 Hydro power generation,2012M04,11710654
1.2 Wind power generation,2012M04,84849
1.4 Thermal power generation,2012M04,285885
1.1 Hydro power generation,2012M05,10808425
1.2 Wind power generation,2012M05,102108
1.4 Thermal power generation,2012M05,250453
1.1 Hydro power generation,2012M06,10120319
1.2 Wind power generation,2012M06,71929
1.4 Thermal power generation,2012M06,265486
1.1 Hydro power generation,2012M07,10012282
1.2 Wind power generation,2012M07,86612
1.4 Thermal power generation,2012M07,210988
1.1 Hydro power generation,2012M08,10684799
1.2 Wind power generation,2012M08,74154
1.4 Thermal power generation,2012M08,307648
1.1 Hydro power generation,2012M09,10521127
1.2 Wind power generation,2012M09,138828
1.4 Thermal power generation,2012M09,244392
1.1 Hydro power generation,2012M10,11765389
1.2 Wind power generation,2012M10,139075
1.4 Thermal power generation,2012M10,306187
1.1 Hydro power generation,2012M11,11825234
1.2 Wind power generation,2012M11,176728
1.4 Thermal power generation,2012M11,292893
1.1 Hydro power generation,2012M12,14092365
1.2 Wind power generation,2012M12,187327
1.4 Thermal power generation,2012M12,339780
1.1 Hydro power generation,2013M01,14148246
1.2 Wind power generation,2013M01,146849
1.4 Thermal power generation,2013M01,310830
1.1 Hydro power generation,2013M02,12093357
1.2 Wind power generation,2013M02,139935
1.4 Thermal power generation,2013M02,191707
1.1 Hydro power generation,2013M03,11950284
1.2 Wind power generation,2013M03,170802
1.4 Thermal power generation,2013M03,186656
1.1 Hydro power generation,2013M04,9127947
1.2 Wind power generation,2013M04,140505
1.4 Thermal power generation,2013M04,207565
1.1 Hydro power generation,2013M05,9343219
1.2 Wind power generation,2013M05,136543
1.4 Thermal power generation,2013M05,310676
1.1 Hydro power generation,2013M06,9270084
1.2 Wind power generation,2013M06,94936
1.4 Thermal power generation,2013M06,270738
1.1 Hydro power generation,2013M07,9277607
1.2 Wind power generation,2013M07,136289
1.4 Thermal power generation,2013M07,325598
1.1 Hydro power generation,2013M08,9726483
1.2 Wind power generation,2013M08,122256
1.4 Thermal power generation,2013M08,290969
1.1 Hydro power generation,2013M09,9469056
1.2 Wind power generation,2013M09,114767
1.4 Thermal power generation,2013M09,302899
1.1 Hydro power generation,2013M10,10383643
1.2 Wind power generation,2013M10,182572
1.4 Thermal power generation,2013M10,310415
1.1 Hydro power generation,2013M11,11719841
1.2 Wind power generation,2013M11,209032
1.4 Thermal power generation,2013M11,300125
1.1 Hydro power generation,2013M12,12512431
1.2 Wind power generation,2013M12,299668
1.4 Thermal power generation,2013M12,315361
1.1 Hydro power generation,2014M01,14072018
1.2 Wind power generation,2014M01,257853
1.4 Thermal power generation,2014M01,313136
1.1 Hydro power generation,2014M02,11343284
1.2 Wind power generation,2014M02,245711
1.4 Thermal power generation,2014M02,275754
1.1 Hydro power generation,2014M03,11702699
1.2 Wind power generation,2014M03,234680
1.4 Thermal power generation,2014M03,321802
1.1 Hydro power generation,2014M04,11046960
1.2 Wind power generation,2014M04,179116
1.4 Thermal power generation,2014M04,315720
1.1 Hydro power generation,2014M05,11035551
1.2 Wind power generation,2014M05,117346
1.4 Thermal power generation,2014M05,170565
1.1 Hydro power generation,2014M06,10356319
1.2 Wind power generation,2014M06,107949
1.4 Thermal power generation,2014M06,255162
1.1 Hydro power generation,2014M07,9811824
1.2 Wind power generation,2014M07,76996
1.4 Thermal power generation,2014M07,319151
1.1 Hydro power generation,2014M08,9390051
1.2 Wind power generation,2014M08,111749
1.4 Thermal power generation,2014M08,313823
1.1 Hydro power generation,2014M09,10142671
1.2 Wind power generation,2014M09,148813
1.4 Thermal power generation,2014M09,260941
1.1 Hydro power generation,2014M10,11293424
1.2 Wind power generation,2014M10,249448
1.4 Thermal power generation,2014M10,326838
1.1 Hydro power generation,2014M11,12601738
1.2 Wind power generation,2014M11,226258
1.4 Thermal power generation,2014M11,295296
1.1 Hydro power generation,2014M12,13839214
1.2 Wind power generation,2014M12,260378
1.4 Thermal power generation,2014M12,306776
1.1 Hydro power generation,2015M01,14174194
1.2 Wind power generation,2015M01,300375
1.4 Thermal power generation,2015M01,293459
1.1 Hydro power generation,2015M02,12328923
1.2 Wind power generation,2015M02,260069
1.4 Thermal power generation,2015M02,282313
1.1 Hydro power generation,2015M03,12636833
1.2 Wind power generation,2015M03,240519
1.4 Thermal power generation,2015M03,298174
1.1 Hydro power generation,2015M04,10530859
1.2 Wind power generation,2015M04,208981
1.4 Thermal power generation,2015M04,273584
1.1 Hydro power generation,2015M05,10453959
1.2 Wind power generation,2015M05,172049
1.4 Thermal power generation,2015M05,302287
1.1 Hydro power generation,2015M06,10631017
1.2 Wind power generation,2015M06,169734
1.4 Thermal power generation,2015M06,289681
1.1 Hydro power generation,2015M07,9773733
1.2 Wind power generation,2015M07,120344
1.4 Thermal power generation,2015M07,298794
1.1 Hydro power generation,2015M08,10273233
1.2 Wind power generation,2015M08,158265
1.4 Thermal power generation,2015M08,297361
1.1 Hydro power generation,2015M09,10721754
1.2 Wind power generation,2015M09,174194
1.4 Thermal power generation,2015M09,269400
1.1 Hydro power generation,2015M10,11496478
1.2 Wind power generation,2015M10,213795
1.4 Thermal power generation,2015M10,303123
1.1 Hydro power generation,2015M11,12657293
1.2 Wind power generation,2015M11,203056
1.4 Thermal power generation,2015M11,267665
1.1 Hydro power generation,2015M12,13335506
1.2 Wind power generation,2015M12,294037
1.4 Thermal power generation,2015M12,315836
1.1 Hydro power generation,2016M01,15834861
1.2 Wind power generation,2016M01,232392
1.4 Thermal power generation,2016M01,309380
1.1 Hydro power generation,2016M02,13608131
1.2 Wind power generation,2016M02,188006
1.4 Thermal power generation,2016M02,291422
1.1 Hydro power generation,2016M03,13856537
1.2 Wind power generation,2016M03,212401
1.4 Thermal power generation,2016M03,304460
1.1 Hydro power generation,2016M04,11257556
1.2 Wind power generation,2016M04,149112
1.4 Thermal power generation,2016M04,299075
1.1 Hydro power generation,2016M05,10889267
1.2 Wind power generation,2016M05,125722
1.4 Thermal power generation,2016M05,294006
1.1 Hydro power generation,2016M06,10660561
1.2 Wind power generation,2016M06,118217
1.4 Thermal power generation,2016M06,250679
1.1 Hydro power generation,2016M07,9952279
1.2 Wind power generation,2016M07,104893
1.4 Thermal power generation,2016M07,295377
1.1 Hydro power generation,2016M08,9949918
1.2 Wind power generation,2016M08,129481
1.4 Thermal power generation,2016M08,307555
1.1 Hydro power generation,2016M09,10180388
1.2 Wind power generation,2016M09,157097
1.4 Thermal power generation,2016M09,216073
1.1 Hydro power generation,2016M10,11648805
1.2 Wind power generation,2016M10,173670
1.4 Thermal power generation,2016M10,257861
1.1 Hydro power generation,2016M11,12652249
1.2 Wind power generation,2016M11,232281
1.4 Thermal power generation,2016M11,282158
1.1 Hydro power generation,2016M12,13514754
1.2 Wind power generation,2016M12,292470
1.4 Thermal power generation,2016M12,302348
1.1 Hydro power generation,2017M01,14737330
1.2 Wind power generation,2017M01,275749
1.4 Thermal power generation,2017M01,298046
1.1 Hydro power generation,2017M02,12667724
1.2 Wind power generation,2017M02,206597
1.4 Thermal power generation,2017M02,281848
1.1 Hydro power generation,2017M03,12264196
1.2 Wind power generation,2017M03,251960
1.4 Thermal power generation,2017M03,295838
1.1 Hydro power generation,2017M04,11058537
1.2 Wind power generation,2017M04,187838
1.4 Thermal power generation,2017M04,291471
1.1 Hydro power generation,2017M05,10874085
1.2 Wind power generation,2017M05,141584
1.4 Thermal power generation,2017M05,221099
1.1 Hydro power generation,2017M06,10671504
1.2 Wind power generation,2017M06,148615
1.4 Thermal power generation,2017M06,247632
1.1 Hydro power generation,2017M07,10189374
1.2 Wind power generation,2017M07,122139
1.4 Thermal power generation,2017M07,312622
1.1 Hydro power generation,2017M08,10638498
1.2 Wind power generation,2017M08,176359
1.4 Thermal power generation,2017M08,296754
1.1 Hydro power generation,2017M09,10827917
1.2 Wind power generation,2017M09,258125
1.4 Thermal power generation,2017M09,272273
1.1 Hydro power generation,2017M10,11748096
1.2 Wind power generation,2017M10,373937
1.4 Thermal power generation,2017M10,307022
1.1 Hydro power generation,2017M11,13106785
1.2 Wind power generation,2017M11,346352
1.4 Thermal power generation,2017M11,289755
1.1 Hydro power generation,2017M12,14211921
1.2 Wind power generation,2017M12,360296
1.4 Thermal power generation,2017M12,293281
1.1 Hydro power generation,2018M01,14966904
1.2 Wind power generation,2018M01,366272
1.4 Thermal power generation,2018M01,295579
1.1 Hydro power generation,2018M02,14252555
1.2 Wind power generation,2018M02,276031
1.4 Thermal power generation,2018M02,267305
1.1 Hydro power generation,2018M03,13477906
1.2 Wind power generation,2018M03,303580
1.4 Thermal power generation,2018M03,294347
1.1 Hydro power generation,2018M04,10037426
1.2 Wind power generation,2018M04,225749
1.4 Thermal power generation,2018M04,283588
1.1 Hydro power generation,2018M05,9757635
1.2 Wind power generation,2018M05,222609
1.4 Thermal power generation,2018M05,277650
1.1 Hydro power generation,2018M06,9165049
1.2 Wind power generation,2018M06,242986
1.4 Thermal power generation,2018M06,273174
1.1 Hydro power generation,2018M07,8896670
1.2 Wind power generation,2018M07,163819
1.4 Thermal power generation,2018M07,303764
1.1 Hydro power generation,2018M08,10027285
1.2 Wind power generation,2018M08,211335
1.4 Thermal power generation,2018M08,305675
1.1 Hydro power generation,2018M09,10528726
1.2 Wind power generation,2018M09,379417
1.4 Thermal power generation,2018M09,289610
1.1 Hydro power generation,2018M10,12507962
1.2 Wind power generation,2018M10,496495
1.4 Thermal power generation,2018M10,276763
1.1 Hydro power generation,2018M11,12932163
1.2 Wind power generation,2018M11,447944
1.4 Thermal power generation,2018M11,285490
1.1 Hydro power generation,2018M12,12961540
1.2 Wind power generation,2018M12,539644
1.4 Thermal power generation,2018M12,304328
1.1 Hydro power generation,2019M01,13880701
1.2 Wind power generation,2019M01,555628
1.4 Thermal power generation,2019M01,270314
1.1 Hydro power generation,2019M02,10991055
1.2 Wind power generation,2019M02,488283
1.4 Thermal power generation,2019M02,265843
1.1 Hydro power generation,2019M03,10477292
1.2 Wind power generation,2019M03,527024
1.4 Thermal power generation,2019M03,300677
1.1 Hydro power generation,2019M04,9342332
1.2 Wind power generation,2019M04,355310
1.4 Thermal power generation,2019M04,297827
1.1 Hydro power generation,2019M05,9168288
1.2 Wind power generation,2019M05,358079
1.4 Thermal power generation,2019M05,283679
1.1 Hydro power generation,2019M06,8847070
1.2 Wind power generation,2019M06,352544
1.4 Thermal power generation,2019M06,269932
1.1 Hydro power generation,2019M07,9233706
1.2 Wind power generation,2019M07,290674
1.4 Thermal power generation,2019M07,266038
1.1 Hydro power generation,2019M08,9511438
1.2 Wind power generation,2019M08,325993
1.4 Thermal power generation,2019M08,264367
1.1 Hydro power generation,2019M09,10178611
1.2 Wind power generation,2019M09,518356
1.4 Thermal power generation,2019M09,252308
1.1 Hydro power generation,2019M10,10800207
1.2 Wind power generation,2019M10,454638
1.4 Thermal power generation,2019M10,270870
1.1 Hydro power generation,2019M11,12075504
1.2 Wind power generation,2019M11,518954
1.4 Thermal power generation,2019M11,272601
1.1 Hydro power generation,2019M12,11289732
1.2 Wind power generation,2019M12,790768
1.4 Thermal power generation,2019M12,287987
1.1 Hydro power generation,2020M01,12018612
1.2 Wind power generation,2020M01,1024285
1.3 Solar power generation,2020M01,178
1.4 Thermal power generation,2020M01,293352
1.1 Hydro power generation,2020M02,11806306
1.2 Wind power generation,2020M02,853722
1.3 Solar power generation,2020M02,376
1.4 Thermal power generation,2020M02,273249
1.1 Hydro power generation,2020M03,13010776
1.2 Wind power generation,2020M03,942781
1.3 Solar power generation,2020M03,1169
1.4 Thermal power generation,2020M03,281702
1.1 Hydro power generation,2020M04,11616762
1.2 Wind power generation,2020M04,686210
1.3 Solar power generation,2020M04,2905
1.4 Thermal power generation,2020M04,282776
1.1 Hydro power generation,2020M05,11282754
1.2 Wind power generation,2020M05,600285
1.3 Solar power generation,2020M05,4446
1.4 Thermal power generation,2020M05,220423
1.1 Hydro power generation,2020M06,9996063
1.2 Wind power generation,2020M06,372085
1.3 Solar power generation,2020M06,5066
1.4 Thermal power generation,2020M06,198851
1.1 Hydro power generation,2020M07,10451675
1.2 Wind power generation,2020M07,506181
1.3 Solar power generation,2020M07,4525
1.4 Thermal power generation,2020M07,284744
1.1 Hydro power generation,2020M08,10838474
1.2 Wind power generation,2020M08,445913
1.3 Solar power generation,2020M08,4259
1.4 Thermal power generation,2020M08,278584
1.1 Hydro power generation,2020M09,10993018
1.2 Wind power generation,2020M09,858422
1.3 Solar power generation,2020M09,2135
1.4 Thermal power generation,2020M09,194856
1.1 Hydro power generation,2020M10,12907317
1.2 Wind power generation,2020M10,922942
1.3 Solar power generation,2020M10,725
1.4 Thermal power generation,2020M10,82236
1.1 Hydro power generation,2020M11,11950535
1.2 Wind power generation,2020M11,1338367
1.3 Solar power generation,2020M11,239
1.4 Thermal power generation,2020M11,142150
1.1 Hydro power generation,2020M12,14720967
1.2 Wind power generation,2020M12,1359399
1.3 Solar power generation,2020M12,95
1.4 Thermal power generation,2020M12,138338
1.1 Hydro power generation,2021M01,16448465
1.2 Wind power generation,2021M01,872583
1.3 Solar power generation,2021M01,98
1.4 Thermal power generation,2021M01,130753
1.1 Hydro power generation,2021M02,13172264
1.2 Wind power generation,2021M02,1120002
1.3 Solar power generation,2021M02,314
1.4 Thermal power generation,2021M02,119001
1.1 Hydro power generation,2021M03,12382899
1.2 Wind power generation,2021M03,1271373
1.3 Solar power generation,2021M03,1564
1.4 Thermal power generation,2021M03,133879
1.1 Hydro power generation,2021M04,11375507
1.2 Wind power generation,2021M04,916171
1.3 Solar power generation,2021M04,4313
1.4 Thermal power generation,2021M04,131166
1.1 Hydro power generation,2021M05,11396142
1.2 Wind power generation,2021M05,532029
1.3 Solar power generation,2021M05,4696
1.4 Thermal power generation,2021M05,147019
1.1 Hydro power generation,2021M06,10671115
1.2 Wind power generation,2021M06,613563
1.3 Solar power generation,2021M06,6359
1.4 Thermal power generation,2021M06,135431
1.1 Hydro power generation,2021M07,10211586
1.2 Wind power generation,2021M07,691798
1.3 Solar power generation,2021M07,6977
1.4 Thermal power generation,2021M07,140480
1.1 Hydro power generation,2021M08,9657246
1.2 Wind power generation,2021M08,600008
1.3 Solar power generation,2021M08,5619
1.4 Thermal power generation,2021M08,135728
1.1 Hydro power generation,2021M09,10126089
1.2 Wind power generation,2021M09,980993
1.3 Solar power generation,2021M09,2538
1.4 Thermal power generation,2021M09,125232
1.1 Hydro power generation,2021M10,10743083
1.2 Wind power generation,2021M10,1478937
1.3 Solar power generation,2021M10,973
1.4 Thermal power generation,2021M10,136488
1.1 Hydro power generation,2021M11,13011644
1.2 Wind power generation,2021M11,1265702
1.3 Solar power generation,2021M11,269
1.4 Thermal power generation,2021M11,142441
1.1 Hydro power generation,2021M12,14473978
1.2 Wind power generation,2021M12,1423877
1.3 Solar power generation,2021M12,92
1.4 Thermal power generation,2021M12,144290
1.1 Hydro power generation,2022M01,13174587
1.2 Wind power generation,2022M01,1753373
1.3 Solar power generation,2022M01,199
1.4 Thermal power generation,2022M01,151066
1.1 Hydro power generation,2022M02,11278236
1.2 Wind power generation,2022M02,1541512
1.3 Solar power generation,2022M02,605
1.4 Thermal power generation,2022M02,129053
1.1 Hydro power generation,2022M03,13058651
1.2 Wind power generation,2022M03,1395390
1.3 Solar power generation,2022M03,3511
1.4 Thermal power generation,2022M03,157147
1.1 Hydro power generation,2022M04,10135314
1.2 Wind power generation,2022M04,854480
1.3 Solar power generation,2022M04,7112
1.4 Thermal power generation,2022M04,143943
1.1 Hydro power generation,2022M05,9492477
1.2 Wind power generation,2022M05,1147859
1.3 Solar power generation,2022M05,8736
1.4 Thermal power generation,2022M05,134745
1.1 Hydro power generation,2022M06,10543848
1.2 Wind power generation,2022M06,704568
1.3 Solar power generation,2022M06,10984
1.4 Thermal power generation,2022M06,220325
1.1 Hydro power generation,2022M07,9421451
1.2 Wind power generation,2022M07,954140
1.3 Solar power generation,2022M07,11506
1.4 Thermal power generation,2022M07,276802
1.1 Hydro power generation,2022M08,9357103
1.2 Wind power generation,2022M08,843935
1.3 Solar power generation,2022M08,10377
1.4 Thermal power generation,2022M08,251089
1.1 Hydro power generation,2022M09,7352290
1.2 Wind power generation,2022M09,1009659
1.3 Solar power generation,2022M09,6466
1.4 Thermal power generation,2022M09,210572
1.1 Hydro power generation,2022M10,9369387
1.2 Wind power generation,2022M10,1428555
1.3 Solar power generation,2022M10,2611
1.4 Thermal power generation,2022M10,217974
1.1 Hydro power generation,2022M11,12364093
1.2 Wind power generation,2022M11,1743477
1.3 Solar power generation,2022M11,473
1.4 Thermal power generation,2022M11,213378
1.1 Hydro power generation,2022M12,13189657
1.2 Wind power generation,2022M12,1432648
1.3 Solar power generation,2022M12,158
1.4 Thermal power generation,2022M12,227556
1.1 Hydro power generation,2023M01,12247275
1.2 Wind power generation,2023M01,1661816
1.3 Solar power generation,2023M01,310
1.4 Thermal power generation,2023M01,230094
1.1 Hydro power generation,2023M02,12043602
1.2 Wind power generation,2023M02,1522049
1.3 Solar power generation,2023M02,1964
1.4 Thermal power generation,2023M02,213649
1.1 Hydro power generation,2023M03,12830945
1.2 Wind power generation,2023M03,1251268
1.3 Solar power generation,2023M03,5574
1.4 Thermal power generation,2023M03,212150
1.1 Hydro power generation,2023M04,10648862
1.2 Wind power generation,2023M04,1120309
1.3 Solar power generation,2023M04,16044
1.4 Thermal power generation,2023M04,218192
1.1 Hydro power generation,2023M05,9830063
1.2 Wind power generation,2023M05,1138029
1.3 Solar power generation,2023M05,27559
1.4 Thermal power generation,2023M05,127065
1.1 Hydro power generation,2023M06,10444315
1.2 Wind power generation,2023M06,679239
1.3 Solar power generation,2023M06,35880
1.4 Thermal power generation,2023M06,173781
1.1 Hydro power generation,2023M07,10596552
1.2 Wind power generation,2023M07,619621
1.3 Solar power generation,2023M07,29865
1.4 Thermal power generation,2023M07,234205
1.1 Hydro power generation,2023M08,11225697
1.2 Wind power generation,2023M08,727923
1.3 Solar power generation,2023M08,21022
1.4 Thermal power generation,2023M08,224064
1.1 Hydro power generation,2023M09,10707186
1.2 Wind power generation,2023M09,1065550
1.3 Solar power generation,2023M09,15365
1.4 Thermal power generation,2023M09,215787
1.1 Hydro power generation,2023M10,11775274
1.2 Wind power generation,2023M10,1362285
1.3 Solar power generation,2023M10,7091
1.4 Thermal power generation,2023M10,219885
1.1 Hydro power generation,2023M11,12716210
1.2 Wind power generation,2023M11,1334437
1.3 Solar power generation,2023M11,868
1.4 Thermal power generation,2023M11,231929
1.1 Hydro power generation,2023M12,12261710
1.2 Wind power generation,2023M12,1482320
1.3 Solar power generation,2023M12,288
1.4 Thermal power generation,2023M12,220332
1.1 Hydro power generation,2024M01,13718032
1.2 Wind power generation,2024M01,1701875
1.3 Solar power generation,2024M01,488
1.4 Thermal power generation,2024M01,208722
1.1 Hydro power generation,2024M02,12575597
1.2 Wind power generation,2024M02,1514868
1.3 Solar power generation,2024M02,1830
1.4 Thermal power generation,2024M02,201087
1.1 Hydro power generation,2024M03,12941225
1.2 Wind power generation,2024M03,1315739
1.3 Solar power generation,2024M03,8617
1.4 Thermal power generation,2024M03,219873
1.1 Hydro power generation,2024M04,11129878
1.2 Wind power generation,2024M04,1136168
1.3 Solar power generation,2024M04,26683
1.4 Thermal power generation,2024M04,172929
1.1 Hydro power generation,2024M05,10741020
1.2 Wind power generation,2024M05,751269
1.3 Solar power generation,2024M05,51102
1.4 Thermal power generation,2024M05,209235
1.1 Hydro power generation,2024M06,10124506
1.2 Wind power generation,2024M06,922613
1.3 Solar power generation,2024M06,48956
1.4 Thermal power generation,2024M06,186057
1.1 Hydro power generation,2024M07,10194309
1.2 Wind power generation,2024M07,638265
1.3 Solar power generation,2024M07,44354
1.4 Thermal power generation,2024M07,217855
1.1 Hydro power generation,2024M08,9746939
1.2 Wind power generation,2024M08,1132401
1.3 Solar power generation,2024M08,34299
1.4 Thermal power generation,2024M08,190413
1.1 Hydro power generation,2024M09,10418989
1.2 Wind power generation,2024M09,943743
1.3 Solar power generation,2024M09,23573
1.4 Thermal power generation,2024M09,192214
1.1 Hydro power generation,2024M10,11283463
1.2 Wind power generation,2024M10,1383865
1.3 Solar power generation,2024M10,7779
1.4 Thermal power generation,2024M10,203105
1.1 Hydro power generation,2024M11,13217189
1.2 Wind power generation,2024M11,1343629
1.3 Solar power generation,2024M11,2106
1.4 Thermal power generation,2024M11,180328
1.1 Hydro power generation,2024M12,13923035
1.2 Wind power generation,2024M12,1760253
1.3 Solar power generation,2024M12,715
1.4 Thermal power generation,2024M12,162490
1.1 Hydro power generation,2025M01,15778874
1.2 Wind power generation,2025M01,1414521
1.3 Solar power generation,2025M01,762
1.4 Thermal power generation,2025M01,173579
1.1 Hydro power generation,2025M02,14496090
1.2 Wind power generation,2025M02,1233167
1.3 Solar power generation,2025M02,4724
1.4 Thermal power generation,2025M02,170069
1.1 Hydro power generation,2025M03,13399395
1.2 Wind power generation,2025M03,1435432
1.3 Solar power generation,2025M03,20108
1.4 Thermal power generation,2025M03,191123
1.1 Hydro power generation,2025M04,11809036
1.2 Wind power generation,2025M04,993999
1.3 Solar power generation,2025M04,41622
1.4 Thermal power generation,2025M04,163937
1.1 Hydro power generation,2025M05,10462259
1.2 Wind power generation,2025M05,975169
1.3 Solar power generation,2025M05,66169
1.4 Thermal power generation,2025M05,95735
1.1 Hydro power generation,2025M06,9770412
1.2 Wind power generation,2025M06,857568
1.3 Solar power generation,2025M06,61591
1.4 Thermal power generation,2025M06,100625
1.1 Hydro power generation,2025M07,10809205
1.2 Wind power generation,2025M07,452295
1.3 Solar power generation,2025M07,66310
1.4 Thermal power generation,2025M07,135979
1.1 Hydro power generation,2025M08,9943766
1.2 Wind power generation,2025M08,1026692
1.3 Solar power generation,2025M08,48133
1.4 Thermal power generation,2025M08,207696
1.1 Hydro power generation,2025M09,10217482
1.2 Wind power generation,2025M09,1110104
1.3 Solar power generation,2025M09,24242
1.4 Thermal power generation,2025M09,197237
1.1 Hydro power generation,2025M10,11531859
1.2 Wind power generation,2025M10,1474789
1.3 Solar power generation,2025M10,9087
1.4 Thermal power generation,2025M10,189490
1.1 Hydro power generation,2025M11,13392061
1.2 Wind power generation,2025M11,1234998
1.3 Solar power generation,2025M11,2161
1.4 Thermal power generation,2025M11,221346
1.1 Hydro power generation,2025M12,13863750
1.2 Wind power generation,2025M12,1690575
1.3 Solar power generation,2025M12,998
1.4 Thermal power generation,2025M12,226871
1.1 Hydro power generation,2026M01,16002328
1.2 Wind power generation,2026M01,1584742
1.3 Solar power generation,2026M01,868
1.4 Thermal power generation,2026M01,194636
